<?xml version="1.0" encoding="UTF-8"?>
<PE_PROJECT_SETTINGS_DOCUMENTATION>
  <PE_product_version v="version 10.3 for Freescale Microcontrollers" />
  <PE_core_version v="Processor Expert Version 0509" />
  <CPU_Bean name="Cpu" type="MK20DX128EX5">
    <Enabled v="N" />
    <Properties>
      <Component_name v="Cpu" />
      <CPU_type v="MK20DX128VLH5" />
      <list name="Shared Internal properties" v="1">
        <EmptySection_DummyValue />
      </list>
      <list name="Shared Clock settings" v="1">
        <group name="Clock settings">
          <group name="Internal oscillator">
            <Slow_internal_reference_clock__kHz_ v="32.768000000000" />
            <boolgroup name="Initialize slow trim value" v="no" />
            <Fast_internal_reference_clock__MHz_ v="4" />
            <boolgroup name="Initialize fast trim value" v="no" />
          </group>
          <boolgroup name="RTC oscillator" v="Disabled" />
          <boolgroup name="System oscillator 0" v="Disabled" />
          <list name="Clock source settings" v="1">
            <group name="Clock source setting 0">
              <group name="Internal reference clock">
                <MCGIRCLK_clock v="Enabled" />
                <MCGIRCLK_in_stop v="Disabled" />
                <enumgroup name="MCGIRCLK source" v="Slow">
                  <EmptySection_DummyValue />
                </enumgroup>
                <MCGIRCLK_clock__MHz_ v="0.032768000000" />
              </group>
              <group name="External reference clock">
                <OSC0ERCLK_clock v="Enabled" />
                <OSC0ERCLK_in_stop v="Disabled" />
                <OSC0ERCLK_clock__MHz_ v="0" />
                <ERCLK32K_clock_source v="Auto select" />
                <ERCLK32K__clock__kHz_ v="0.001000000000" />
              </group>
              <group name="MCG settings">
                <enumgroup name="MCG mode" v="FEI">
                  <EmptySection_DummyValue />
                </enumgroup>
                <MCG_output_clock v="FLL clock" />
                <MCG_output__MHz_ v="20.971520000000" />
                <MCG_external_ref__clock_source v="System oscillator 0" />
                <MCG_external_ref__clock__MHz_ v="0" />
                <Clock_monitor v="Disabled" />
                <group name="FLL settings">
                  <FLL_module v="Disabled" />
                  <FLL_output__MHz_ v="20.971520000000" />
                  <MCGFFCLK_clock__kHz_ v="32.768000000000" />
                  <enumgroup name="Reference clock source" v="Slow internal clock">
                    <EmptySection_DummyValue />
                  </enumgroup>
                  <FLL_reference_clock__kHz_ v="32.768000000000" />
                  <Multiplication_factor v="Auto select" />
                </group>
                <group name="PLL 0 settings">
                  <PLL_module v="Disabled" />
                  <PLL_module_in_Stop v="Disabled" />
                  <PLL_output__MHz_ v="100" />
                  <Reference_clock_divider v="Auto select" />
                  <PLL_reference_clock__MHz_ v="1" />
                  <Multiplication_factor v="Auto select" />
                  <Loss_of_lock_interrupt v="Disabled" />
                </group>
              </group>
            </group>
          </list>
        </group>
      </list>
      <Initialization_priority v="minimal priority" />
      <Watchdog_disable v="yes" />
      <group name="Internal peripherals">
        <list name="Shared NMI settings" v="1">
          <boolgroup name="NMI pin" v="Enabled">
            <NMI_Pin v="TSI0_CH5/PTA4/LLWU_P3/FTM0_CH1/NMI_b/EZP_CS_b" />
          </boolgroup>
        </list>
        <list name="Shared Reset settings" v="1">
          <boolgroup name="Reset control" v="Enabled">
            <Reset_pin v="RESET_b" />
            <Filter_in_STOP v="Disabled" />
            <Filter_in_RUN_WAIT v="Disabled" />
            <Filter_width v="1" />
          </boolgroup>
        </list>
        <list name="Shared JTAG settings" v="1">
          <group name="Debug interface (JTAG)">
            <enumgroup name="JTAG Mode" v="JTAG">
              <boolgroup name="TDI" v="Enabled">
                <TDI_Pin v="TSI0_CH2/PTA1/UART0_RX/FTM0_CH6/JTAG_TDI/EZP_DI" />
              </boolgroup>
              <boolgroup name="TDO" v="Enabled">
                <TDO_Pin v="TSI0_CH3/PTA2/UART0_TX/FTM0_CH7/JTAG_TDO/TRACE_SWO/EZP_DO" />
              </boolgroup>
              <boolgroup name="TCK" v="Enabled">
                <TCK_Pin v="TSI0_CH1/PTA0/UART0_CTS_b/UART0_COL_b/FTM0_CH5/JTAG_TCLK/SWD_CLK/EZP_CLK" />
              </boolgroup>
              <boolgroup name="TMS" v="Enabled">
                <TMS_Pin v="TSI0_CH4/PTA3/UART0_RTS_b/FTM0_CH0/JTAG_TMS/SWD_DIO" />
              </boolgroup>
              <boolgroup name="nTRST" v="Disabled" />
            </enumgroup>
          </group>
        </list>
        <list name="Shared Flash memory organization" v="1">
          <group name="Flash memory organization">
            <list name="Shared FLASH settings" v="1">
              <EmptySection_DummyValue />
            </list>
            <list name="Flash blocks" v="2">
              <group name="Flash block 0">
                <Address v="0" />
                <Size v="131072" />
                <Write_unit_size v="4" />
                <Erase_unit_size v="1024" />
                <Protection_unit_size v="4096" />
              </group>
              <group name="Flash block 1">
                <Address v="268435456" />
                <Size v="262144" />
                <Write_unit_size v="4" />
                <Erase_unit_size v="1048" />
                <Protection_unit_size v="32768" />
              </group>
            </list>
          </group>
        </list>
        <list name="Shared Flash Memory Controller settings" v="1">
          <boolgroup name="Flexible memory controller" v="Disabled" />
        </list>
        <list name="Shared Flash Config settings" v="1">
          <boolgroup name="Flash configuration field" v="Disabled" />
        </list>
        <list name="Shared SCB settings" v="1">
          <boolgroup name="System control block settings" v="Disabled" />
        </list>
        <list name="Shared Power Management Controller settings" v="1">
          <group name="Power management controller">
            <LVD_reset v="Enabled" />
            <LVD_voltage_treshold v="Low" />
            <LVW_voltage_treshold v="Low" />
            <Bandgap_buffer v="Disabled" />
            <group name="LVD interrupt">
              <Interrupt v="INT_LVD_LVW" />
              <LVD_interrupt v="Disabled" />
              <LVW_interrupt v="Disabled" />
            </group>
          </group>
        </list>
        <list name="Shared ClockGate settings" v="1">
          <group name="System Integration Module">
            <boolgroup name="CLKOUT pin control" v="Disabled" />
            <boolgroup name="Clock gating control" v="Disabled" />
          </group>
        </list>
      </group>
      <list name="Shared CPU interrupts/resets" v="1">
        <group name="CPU interrupts/resets">
          <boolgroup name="NMI interrupt" v="Enabled">
            <Interrupt v="INT_NMI" />
          </boolgroup>
          <boolgroup name="Hard Fault" v="Disabled" />
          <boolgroup name="Bus Fault" v="Disabled" />
          <boolgroup name="Usage Fault" v="Disabled" />
          <boolgroup name="Supervisor Call" v="Disabled" />
          <boolgroup name="Pendable Service" v="Disabled" />
          <boolgroup name="MCG" v="Disabled" />
        </group>
      </list>
      <group name="Low power mode settings">
        <list name="Shared Low Power Settings" v="1">
          <group name="Allowed power modes">
            <Very_low_power_modes v="Not allowed" />
            <Low_leakage_stop_mode v="Not allowed" />
            <Very_low_leakage_stop_mode v="Not allowed" />
          </group>
        </list>
        <list name="Shared LLWU settings" v="1">
          <boolgroup name="LLWU settings" v="Disabled" />
        </list>
        <list name="Shared Low Power Settings" v="1">
          <group name="Operation mode settings">
            <group name="WAIT operation mode">
              <Return_to_wait_after_ISR v="no" />
            </group>
            <group name="SLEEP operation mode">
              <Return_to_stop_after_ISR v="no" />
            </group>
            <boolgroup name="STOP operation mode" v="Disabled" />
          </group>
        </list>
      </group>
      <list name="Clock configurations" v="1">
        <group name="Clock configuration 0">
          <boolgroup name="Very low power mode" v="Disabled" />
          <enumgroup name="Clock source setting" v="configuration 0">
            <MCG_mode v="FEI" />
            <MCG_output__MHz_ v="20.971520000000" />
            <MCGIRCLK_clock__MHz_ v="0.032768" />
            <OSCERCLK_clock__MHz_ v="0" />
            <ERCLK32K__clock__kHz_ v="0.001" />
            <MCGFFCLK__kHz_ v="32.768" />
          </enumgroup>
          <group name="System clocks">
            <Core_clock_prescaler v="Auto select" />
            <Core_clock v="20.971520000000" />
            <Bus_clock_prescaler v="Auto select" />
            <Bus_clock v="20.971520000000" />
            <Flash_clock_prescaler v="Auto select" />
            <Flash_clock v="10.485760000000" />
            <enumgroup name="PLL/FLL clock selection" v="FLL clock">
              <Clock_frequency__MHz_ v="20.971520000000" />
            </enumgroup>
          </group>
        </group>
      </list>
    </Properties>
    <Methods>
      <list name="CPUCond" v="1">
        <SetClockConfiguration v="don&amp;apos;t generate code" />
        <GetClockConfiguration v="don&amp;apos;t generate code" />
        <SetOperationMode v="don&amp;apos;t generate code" />
        <EnableInt v="don&amp;apos;t generate code" />
        <DisableInt v="don&amp;apos;t generate code" />
        <GetLLSWakeUpFlags v="don&amp;apos;t generate code" />
        <OpenBackDoor v="don&amp;apos;t generate code" />
        <MCGAutoTrim v="don&amp;apos;t generate code" />
        <VLPModeEnable v="don&amp;apos;t generate code" />
        <VLPModeDisable v="don&amp;apos;t generate code" />
        <SystemReset v="don&amp;apos;t generate code" />
      </list>
    </Methods>
    <Events>
      <Event_module_name v="Events" />
      <list name="EvntsShrdGrp" v="1">
        <event name="OnReset" v="don&amp;apos;t generate code" />
        <event name="OnNMIINT" v="generate code">
          <Event_procedure_name v="Cpu_OnNMIINT" />
        </event>
        <event name="OnHardFault" v="don&amp;apos;t generate code" />
        <event name="OnBusFault" v="don&amp;apos;t generate code" />
        <event name="OnUsageFault" v="don&amp;apos;t generate code" />
        <event name="OnSupervisorCall" v="don&amp;apos;t generate code" />
        <event name="OnPendableService" v="don&amp;apos;t generate code" />
        <event name="OnLossOfLockINT" v="don&amp;apos;t generate code" />
        <event name="OnLowVoltageINT" v="don&amp;apos;t generate code" />
        <event name="OnLLSWakeUpINT" v="don&amp;apos;t generate code" />
      </list>
    </Events>
    <Compiler v="GNU C Compiler" />
    <CompilerProperties>
      <Compiler v="GNU C Compiler" />
      <boolgroup name="Generate debugger files" v="yes">
        <Generate_mem_file v="yes" />
      </boolgroup>
      <boolgroup name="Generate linker file" v="yes">
        <Stack_size v="1024" />
        <Heap_size v="0" />
        <Set_memory_segments_to_default v="Click to set default &amp;gt;" />
        <Default_memory_for_interrupts v="INTERNAL RAM" />
        <Default_memory_for_code v="INTERNAL RAM" />
        <Default_memory_for_data v="INTERNAL RAM" />
        <list name="ROM/RAM Areas" v="6">
          <group name="MemoryArea0">
            <boolgroup name="ROM/RAM Area" v="Enabled">
              <Name v="m_interrupts" />
              <Qualifier v="RX" />
              <Address v="0" />
              <Size v="248" />
            </boolgroup>
          </group>
          <group name="MemoryArea1">
            <boolgroup name="ROM/RAM Area" v="Disabled" />
          </group>
          <group name="MemoryArea2">
            <boolgroup name="ROM/RAM Area" v="Enabled">
              <Name v="m_text" />
              <Qualifier v="RX" />
              <Address v="1040" />
              <Size v="130032" />
            </boolgroup>
          </group>
          <group name="MemoryArea3">
            <boolgroup name="ROM/RAM Area" v="Disabled" />
          </group>
          <group name="MemoryArea4">
            <boolgroup name="ROM/RAM Area" v="Enabled">
              <Name v="m_data" />
              <Qualifier v="RW" />
              <Address v="536862720" />
              <Size v="8192" />
            </boolgroup>
          </group>
          <group name="MemoryArea5">
            <boolgroup name="ROM/RAM Area" v="Enabled">
              <Name v="m_data_20000000" />
              <Qualifier v="RW" />
              <Address v="536870912" />
              <Size v="8192" />
            </boolgroup>
          </group>
        </list>
      </boolgroup>
    </CompilerProperties>
  </CPU_Bean>
  <CPU_Bean name="Cpu" type="MK20DX128EX5">
    <Enabled v="Y" />
    <Properties>
      <Component_name v="Cpu" />
      <CPU_type v="MK20DX128VLH5" />
      <list name="Shared Internal properties" v="1">
        <EmptySection_DummyValue />
      </list>
      <list name="Shared Clock settings" v="1">
        <group name="Clock settings">
          <group name="Internal oscillator">
            <Slow_internal_reference_clock__kHz_ v="32.768000000000" />
            <boolgroup name="Initialize slow trim value" v="no" />
            <Fast_internal_reference_clock__MHz_ v="4" />
            <boolgroup name="Initialize fast trim value" v="no" />
          </group>
          <boolgroup name="RTC oscillator" v="Disabled" />
          <boolgroup name="System oscillator 0" v="Disabled" />
          <list name="Clock source settings" v="1">
            <group name="Clock source setting 0">
              <group name="Internal reference clock">
                <MCGIRCLK_clock v="Enabled" />
                <MCGIRCLK_in_stop v="Disabled" />
                <enumgroup name="MCGIRCLK source" v="Slow">
                  <EmptySection_DummyValue />
                </enumgroup>
                <MCGIRCLK_clock__MHz_ v="0.032768000000" />
              </group>
              <group name="External reference clock">
                <OSC0ERCLK_clock v="Enabled" />
                <OSC0ERCLK_in_stop v="Disabled" />
                <OSC0ERCLK_clock__MHz_ v="0" />
                <ERCLK32K_clock_source v="Auto select" />
                <ERCLK32K__clock__kHz_ v="0.001000000000" />
              </group>
              <group name="MCG settings">
                <enumgroup name="MCG mode" v="FEI">
                  <EmptySection_DummyValue />
                </enumgroup>
                <MCG_output_clock v="FLL clock" />
                <MCG_output__MHz_ v="20.971520000000" />
                <MCG_external_ref__clock_source v="System oscillator 0" />
                <MCG_external_ref__clock__MHz_ v="0" />
                <Clock_monitor v="Disabled" />
                <group name="FLL settings">
                  <FLL_module v="Enabled" />
                  <FLL_output__MHz_ v="20.971520000000" />
                  <MCGFFCLK_clock__kHz_ v="32.768000000000" />
                  <enumgroup name="Reference clock source" v="Slow internal clock">
                    <EmptySection_DummyValue />
                  </enumgroup>
                  <FLL_reference_clock__kHz_ v="32.768000000000" />
                  <Multiplication_factor v="Auto select" />
                </group>
                <group name="PLL 0 settings">
                  <PLL_module v="Disabled" />
                  <PLL_module_in_Stop v="Disabled" />
                  <PLL_output__MHz_ v="0" />
                  <Reference_clock_divider v="Auto select" />
                  <PLL_reference_clock__MHz_ v="1" />
                  <Multiplication_factor v="Auto select" />
                  <Loss_of_lock_interrupt v="Disabled" />
                </group>
              </group>
            </group>
          </list>
        </group>
      </list>
      <Initialization_priority v="minimal priority" />
      <Watchdog_disable v="yes" />
      <group name="Internal peripherals">
        <list name="Shared NMI settings" v="1">
          <boolgroup name="NMI pin" v="Enabled">
            <NMI_Pin v="TSI0_CH5/PTA4/LLWU_P3/FTM0_CH1/NMI_b/EZP_CS_b" />
          </boolgroup>
        </list>
        <list name="Shared Reset settings" v="1">
          <boolgroup name="Reset control" v="Enabled">
            <Reset_pin v="RESET_b" />
            <Filter_in_STOP v="Disabled" />
            <Filter_in_RUN_WAIT v="Disabled" />
            <Filter_width v="1" />
          </boolgroup>
        </list>
        <list name="Shared JTAG settings" v="1">
          <group name="Debug interface (JTAG)">
            <enumgroup name="JTAG Mode" v="JTAG">
              <boolgroup name="TDI" v="Enabled">
                <TDI_Pin v="TSI0_CH2/PTA1/UART0_RX/FTM0_CH6/JTAG_TDI/EZP_DI" />
              </boolgroup>
              <boolgroup name="TDO" v="Disabled" />
              <boolgroup name="TCK" v="Enabled">
                <TCK_Pin v="TSI0_CH1/PTA0/UART0_CTS_b/UART0_COL_b/FTM0_CH5/JTAG_TCLK/SWD_CLK/EZP_CLK" />
              </boolgroup>
              <boolgroup name="TMS" v="Enabled">
                <TMS_Pin v="TSI0_CH4/PTA3/UART0_RTS_b/FTM0_CH0/JTAG_TMS/SWD_DIO" />
              </boolgroup>
              <boolgroup name="nTRST" v="Disabled" />
            </enumgroup>
          </group>
        </list>
        <list name="Shared Flash memory organization" v="1">
          <group name="Flash memory organization">
            <list name="Shared FLASH settings" v="1">
              <group name="FlexNVM settings">
                <FlexNVM_size v="32 KB" />
                <DFlash_size v="32 KB" />
                <enumgroup name="EEPROM size" v="0 bytes">
                  <boolgroup name="FlexRAM" v="Disabled" />
                </enumgroup>
              </group>
            </list>
            <list name="Flash blocks" v="2">
              <group name="Flash block 0">
                <Address v="0" />
                <Size v="131072" />
                <Write_unit_size v="4" />
                <Erase_unit_size v="1024" />
                <Protection_unit_size v="4096" />
              </group>
              <group name="Flash block 1">
                <Address v="268435456" />
                <Size v="32768" />
                <Write_unit_size v="4" />
                <Erase_unit_size v="1048" />
                <Protection_unit_size v="4096" />
              </group>
            </list>
          </group>
        </list>
        <list name="Shared Flash Memory Controller settings" v="1">
          <boolgroup name="Flexible memory controller" v="Disabled" />
        </list>
        <list name="Shared Flash Config settings" v="1">
          <boolgroup name="Flash configuration field" v="Enabled">
            <group name="Security settings">
              <boolgroup name="Flash security" v="Disabled" />
              <Freescale_failure_analysis_access v="Enabled" />
              <Mass_erase v="Enabled" />
              <Backdoor_key_security v="Disabled" />
              <Backdoor_key_0 v="255" />
              <Backdoor_key_1 v="255" />
              <Backdoor_key_2 v="255" />
              <Backdoor_key_3 v="255" />
              <Backdoor_key_4 v="255" />
              <Backdoor_key_5 v="255" />
              <Backdoor_key_6 v="255" />
              <Backdoor_key_7 v="255" />
            </group>
            <group name="Protection regions">
              <group name="P-Flash protection settings">
                <Protection_region_size v="4096" />
                <P_Flash_protection v="4294967295" />
                <group name="Protection regions">
                  <Protection_region_0 v="Unprotected" />
                  <Protection_region_1 v="Unprotected" />
                  <Protection_region_2 v="Unprotected" />
                  <Protection_region_3 v="Unprotected" />
                  <Protection_region_4 v="Unprotected" />
                  <Protection_region_5 v="Unprotected" />
                  <Protection_region_6 v="Unprotected" />
                  <Protection_region_7 v="Unprotected" />
                  <Protection_region_8 v="Unprotected" />
                  <Protection_region_9 v="Unprotected" />
                  <Protection_region_10 v="Unprotected" />
                  <Protection_region_11 v="Unprotected" />
                  <Protection_region_12 v="Unprotected" />
                  <Protection_region_13 v="Unprotected" />
                  <Protection_region_14 v="Unprotected" />
                  <Protection_region_15 v="Unprotected" />
                  <Protection_region_16 v="Unprotected" />
                  <Protection_region_17 v="Unprotected" />
                  <Protection_region_18 v="Unprotected" />
                  <Protection_region_19 v="Unprotected" />
                  <Protection_region_20 v="Unprotected" />
                  <Protection_region_21 v="Unprotected" />
                  <Protection_region_22 v="Unprotected" />
                  <Protection_region_23 v="Unprotected" />
                  <Protection_region_24 v="Unprotected" />
                  <Protection_region_25 v="Unprotected" />
                  <Protection_region_26 v="Unprotected" />
                  <Protection_region_27 v="Unprotected" />
                  <Protection_region_28 v="Unprotected" />
                  <Protection_region_29 v="Unprotected" />
                  <Protection_region_30 v="Unprotected" />
                  <Protection_region_31 v="Unprotected" />
                </group>
              </group>
              <group name="D-Flash protection settings">
                <Protection_region_size v="4096" />
                <D_Flash_protection v="255" />
                <group name="Protection regions">
                  <Protection_region_0 v="Unprotected" />
                  <Protection_region_1 v="Unprotected" />
                  <Protection_region_2 v="Unprotected" />
                  <Protection_region_3 v="Unprotected" />
                  <Protection_region_4 v="Unprotected" />
                  <Protection_region_5 v="Unprotected" />
                  <Protection_region_6 v="Unprotected" />
                  <Protection_region_7 v="Unprotected" />
                </group>
              </group>
              <group name="Eeprom protection settings">
                <Protection_region_size v="0" />
                <Eeprom_protection v="255" />
                <group name="Protection regions">
                  <Protection_region_0 v="Unprotected" />
                  <Protection_region_1 v="Unprotected" />
                  <Protection_region_2 v="Unprotected" />
                  <Protection_region_3 v="Unprotected" />
                  <Protection_region_4 v="Unprotected" />
                  <Protection_region_5 v="Unprotected" />
                  <Protection_region_6 v="Unprotected" />
                  <Protection_region_7 v="Unprotected" />
                </group>
              </group>
            </group>
            <group name="Peripheral settings">
              <NMI_function v="Enabled" />
              <EzPort_operation_at_boot v="Enabled" />
              <Low_power_boot v="Disabled" />
            </group>
          </boolgroup>
        </list>
        <list name="Shared SCB settings" v="1">
          <boolgroup name="System control block settings" v="Disabled" />
        </list>
        <list name="Shared Power Management Controller settings" v="1">
          <group name="Power management controller">
            <LVD_reset v="Enabled" />
            <LVD_voltage_treshold v="Low" />
            <LVW_voltage_treshold v="Low" />
            <Bandgap_buffer v="Disabled" />
            <group name="LVD interrupt">
              <Interrupt v="INT_LVD_LVW" />
              <Interrupt_request v="Disabled" />
              <Interrupt_priority v="0 (Highest)" />
              <LVD_interrupt v="Disabled" />
              <LVW_interrupt v="Disabled" />
            </group>
          </group>
        </list>
        <list name="Shared ClockGate settings" v="1">
          <group name="System Integration Module">
            <boolgroup name="CLKOUT pin control" v="Disabled" />
            <boolgroup name="Clock gating control" v="Disabled" />
          </group>
        </list>
      </group>
      <list name="Shared CPU interrupts/resets" v="1">
        <group name="CPU interrupts/resets">
          <boolgroup name="NMI interrupt" v="Enabled">
            <Interrupt v="INT_NMI" />
          </boolgroup>
          <boolgroup name="Hard Fault" v="Disabled" />
          <boolgroup name="Bus Fault" v="Disabled" />
          <boolgroup name="Usage Fault" v="Disabled" />
          <boolgroup name="Supervisor Call" v="Disabled" />
          <boolgroup name="Pendable Service" v="Disabled" />
          <boolgroup name="MCG" v="Disabled" />
        </group>
      </list>
      <group name="Low power mode settings">
        <list name="Shared Low Power Settings" v="1">
          <group name="Allowed power modes">
            <Very_low_power_modes v="Not allowed" />
            <Low_leakage_stop_mode v="Not allowed" />
            <Very_low_leakage_stop_mode v="Not allowed" />
          </group>
        </list>
        <list name="Shared LLWU settings" v="1">
          <boolgroup name="LLWU settings" v="Disabled" />
        </list>
        <list name="Shared Low Power Settings" v="1">
          <group name="Operation mode settings">
            <group name="WAIT operation mode">
              <Return_to_wait_after_ISR v="no" />
            </group>
            <group name="SLEEP operation mode">
              <Return_to_stop_after_ISR v="no" />
            </group>
            <boolgroup name="STOP operation mode" v="Disabled" />
          </group>
        </list>
      </group>
      <list name="Clock configurations" v="1">
        <group name="Clock configuration 0">
          <boolgroup name="Very low power mode" v="Disabled" />
          <enumgroup name="Clock source setting" v="configuration 0">
            <MCG_mode v="FEI" />
            <MCG_output__MHz_ v="20.971520000000" />
            <MCGIRCLK_clock__MHz_ v="0.032768" />
            <OSCERCLK_clock__MHz_ v="0" />
            <ERCLK32K__clock__kHz_ v="0.001" />
            <MCGFFCLK__kHz_ v="32.768" />
          </enumgroup>
          <group name="System clocks">
            <Core_clock_prescaler v="Auto select" />
            <Core_clock v="20.971520000000" />
            <Bus_clock_prescaler v="Auto select" />
            <Bus_clock v="20.971520000000" />
            <Flash_clock_prescaler v="Auto select" />
            <Flash_clock v="10.485760000000" />
            <enumgroup name="PLL/FLL clock selection" v="FLL clock">
              <Clock_frequency__MHz_ v="20.971520000000" />
            </enumgroup>
          </group>
        </group>
      </list>
    </Properties>
    <Methods>
      <list name="CPUCond" v="1">
        <SetClockConfiguration v="don&amp;apos;t generate code" />
        <GetClockConfiguration v="don&amp;apos;t generate code" />
        <SetOperationMode v="don&amp;apos;t generate code" />
        <EnableInt v="don&amp;apos;t generate code" />
        <DisableInt v="don&amp;apos;t generate code" />
        <GetLLSWakeUpFlags v="don&amp;apos;t generate code" />
        <OpenBackDoor v="don&amp;apos;t generate code" />
        <GetFlexNVMPartitionCode v="don&amp;apos;t generate code" />
        <SetFlexNVMPartition v="don&amp;apos;t generate code" />
        <SetFlexRAMFunction v="don&amp;apos;t generate code" />
        <MCGAutoTrim v="don&amp;apos;t generate code" />
        <VLPModeEnable v="don&amp;apos;t generate code" />
        <VLPModeDisable v="don&amp;apos;t generate code" />
        <SystemReset v="don&amp;apos;t generate code" />
      </list>
    </Methods>
    <Events>
      <Event_module_name v="Events" />
      <list name="EvntsShrdGrp" v="1">
        <event name="OnReset" v="don&amp;apos;t generate code" />
        <event name="OnNMIINT" v="generate code">
          <Event_procedure_name v="Cpu_OnNMIINT" />
        </event>
        <event name="OnHardFault" v="don&amp;apos;t generate code" />
        <event name="OnBusFault" v="don&amp;apos;t generate code" />
        <event name="OnUsageFault" v="don&amp;apos;t generate code" />
        <event name="OnSupervisorCall" v="don&amp;apos;t generate code" />
        <event name="OnPendableService" v="don&amp;apos;t generate code" />
        <event name="OnLossOfLockINT" v="don&amp;apos;t generate code" />
        <event name="OnLowVoltageINT" v="don&amp;apos;t generate code" />
        <event name="OnLLSWakeUpINT" v="don&amp;apos;t generate code" />
      </list>
    </Events>
    <Compiler v="GNU C Compiler" />
    <CompilerProperties>
      <Compiler v="GNU C Compiler" />
      <enumgroup name="Unhandled vectors" v="One handler for all">
        <Unhandled_int_code>
          <StrgList><![CDATA[/* This code can be changed using the CPU component property "Build Options / Unhandled int code" */
PE_DEBUGHALT();
]]></StrgList>
        </Unhandled_int_code>
      </enumgroup>
      <group name="User initialization">
        <User_data_declarations>
          <StrgList></StrgList>
        </User_data_declarations>
        <User_code_before_PE_initialization>
          <StrgList></StrgList>
        </User_code_before_PE_initialization>
        <User_code_after_PE_initialization>
          <StrgList></StrgList>
        </User_code_after_PE_initialization>
      </group>
      <boolgroup name="Generate debugger files" v="yes">
        <Generate_mem_file v="yes" />
      </boolgroup>
      <group name="Startup">
        <Add_startup_file v="no" />
      </group>
      <boolgroup name="Generate linker file" v="yes">
        <Stack_size v="1024" />
        <Heap_size v="0" />
        <Set_memory_segments_to_default v="Click to set default &amp;gt;" />
        <Default_memory_for_interrupts v="INTERNAL FLASH" />
        <Default_memory_for_code v="INTERNAL FLASH" />
        <Default_memory_for_data v="INTERNAL RAM" />
        <list name="ROM/RAM Areas" v="6">
          <group name="MemoryArea0">
            <boolgroup name="ROM/RAM Area" v="Enabled">
              <Name v="m_interrupts" />
              <Qualifier v="RX" />
              <Address v="0" />
              <Size v="248" />
            </boolgroup>
          </group>
          <group name="MemoryArea1">
            <boolgroup name="ROM/RAM Area" v="Disabled" />
          </group>
          <group name="MemoryArea2">
            <boolgroup name="ROM/RAM Area" v="Enabled">
              <Name v="m_text" />
              <Qualifier v="RX" />
              <Address v="1040" />
              <Size v="130032" />
            </boolgroup>
          </group>
          <group name="MemoryArea3">
            <boolgroup name="ROM/RAM Area" v="Disabled" />
          </group>
          <group name="MemoryArea4">
            <boolgroup name="ROM/RAM Area" v="Enabled">
              <Name v="m_data" />
              <Qualifier v="RW" />
              <Address v="536862720" />
              <Size v="8192" />
            </boolgroup>
          </group>
          <group name="MemoryArea5">
            <boolgroup name="ROM/RAM Area" v="Enabled">
              <Name v="m_data_20000000" />
              <Qualifier v="RW" />
              <Address v="536870912" />
              <Size v="8192" />
            </boolgroup>
          </group>
        </list>
      </boolgroup>
    </CompilerProperties>
  </CPU_Bean>
  <Bean name="xBluePWM" type="PWM">
    <Enabled v="Y" />
    <Properties>
      <Component_name v="xBluePWM" />
      <PWM_or_PPG_device v="FTM0_C7V" />
      <Duty_compare v="" />
      <Output_pin v="TSI0_CH3/PTA2/UART0_TX/FTM0_CH7/JTAG_TDO/TRACE_SWO/EZP_DO" />
      <Counter v="FTM0_CNT" />
      <boolgroup name="Interrupt service/event" v="Disabled" />
      <Period v="6.25 ms" />
      <Starting_pulse_width v="3.124952 ms" />
      <Initial_polarity v="low" />
      <Same_period_in_modes v="no" />
      <Component_uses_entire_timer v="no" />
      <group name="Initialization">
        <Enabled_in_init__code v="yes" />
        <Events_enabled_in_init_ v="yes" />
      </group>
      <group name="CPU clock/speed selection">
        <High_speed_mode v="This component enabled" />
        <Low_speed_mode v="This component disabled" />
        <Slow_speed_mode v="This component disabled" />
      </group>
      <group name="Referenced components">
        <inhrbean type="PWM_LDD">
          <Enabled v="Y" />
          <Properties>
            <Component_name v="PwmLdd1" />
            <Period_device v="FTM0_MOD" />
            <Duty_device v="FTM0_C7V" />
            <Output_pin v="TSI0_CH3/PTA2/UART0_TX/FTM0_CH7/JTAG_TDO/TRACE_SWO/EZP_DO" />
            <Counter v="FTM0_CNT" />
            <boolgroup name="Interrupt service/event" v="Disabled" />
            <Period v="6.25 ms" />
            <Starting_pulse_width v="3.124952 ms" />
            <Initial_polarity v="low" />
            <group name="Initialization">
              <Enabled_in_init__code v="yes" />
              <list name="Auto Initialization" v="1">
                <Auto_initialization v="yes" />
              </list>
              <group name="Event mask">
                <OnEnd v="Disabled" />
              </group>
            </group>
            <list name="CPU clock/configuration selection (included)" v="1">
              <group name="CPU clock/configuration selection">
                <Clock_configuration_0 v="This component enabled" />
                <Clock_configuration_1 v="This component disabled" />
                <Clock_configuration_2 v="This component disabled" />
                <Clock_configuration_3 v="This component disabled" />
                <Clock_configuration_4 v="This component disabled" />
                <Clock_configuration_5 v="This component disabled" />
                <Clock_configuration_6 v="This component disabled" />
                <Clock_configuration_7 v="This component disabled" />
              </group>
            </list>
            <group name="Referenced components">
              <Linked_component v="TU1" />
            </group>
          </Properties>
          <Methods>
            <Init v="generate code" />
            <Deinit v="don&amp;apos;t generate code" />
            <Enable v="don&amp;apos;t generate code" />
            <Disable v="don&amp;apos;t generate code" />
            <SetEventMask v="don&amp;apos;t generate code" />
            <GetEventMask v="don&amp;apos;t generate code" />
            <GetEventStatus v="don&amp;apos;t generate code" />
            <SetRatio8 v="don&amp;apos;t generate code" />
            <SetRatio16 v="generate code" />
            <SetDutyUS v="generate code" />
            <SetDutyMS v="generate code" />
            <SetDutySec v="don&amp;apos;t generate code" />
            <SetDutyReal v="don&amp;apos;t generate code" />
            <SetValue v="don&amp;apos;t generate code" />
            <ClearValue v="don&amp;apos;t generate code" />
            <ConnectPin v="don&amp;apos;t generate code" />
            <SetOperationMode v="don&amp;apos;t generate code" />
            <GetDriverState v="don&amp;apos;t generate code" />
          </Methods>
          <Events>
            <Event_module_name v="Events" />
            <event name="OnEnd" v="don&amp;apos;t generate code" />
          </Events>
        </inhrbean>
      </group>
    </Properties>
    <Methods>
      <Enable v="don&amp;apos;t generate code" />
      <Disable v="don&amp;apos;t generate code" />
      <EnableEvent v="don&amp;apos;t generate code" />
      <DisableEvent v="don&amp;apos;t generate code" />
      <SetRatio8 v="don&amp;apos;t generate code" />
      <SetRatio16 v="generate code" />
      <SetDutyTicks16 v="don&amp;apos;t generate code" />
      <SetDutyTicks32 v="don&amp;apos;t generate code" />
      <SetDutyUS v="generate code" />
      <SetDutyMS v="generate code" />
      <SetDutySec v="don&amp;apos;t generate code" />
      <SetDutyReal v="don&amp;apos;t generate code" />
      <SetValue v="don&amp;apos;t generate code" />
      <ClrValue v="don&amp;apos;t generate code" />
    </Methods>
    <Events>
      <Event_module_name v="Events" />
      <event name="BeforeNewSpeed" v="don&amp;apos;t generate code" />
      <event name="AfterNewSpeed" v="don&amp;apos;t generate code" />
      <event name="OnEnd" v="don&amp;apos;t generate code" />
    </Events>
  </Bean>
  <Bean name="yGreenPWM" type="PWM">
    <Enabled v="Y" />
    <Properties>
      <Component_name v="yGreenPWM" />
      <PWM_or_PPG_device v="FTM0_C4V" />
      <Duty_compare v="" />
      <Output_pin v="PTD4/LLWU_P14/SPI0_PCS1/UART0_RTS_b/FTM0_CH4/EWM_IN" />
      <Counter v="FTM0_CNT" />
      <boolgroup name="Interrupt service/event" v="Disabled" />
      <Period v="6.25 ms" />
      <Starting_pulse_width v="3.124952 ms" />
      <Initial_polarity v="low" />
      <Same_period_in_modes v="no" />
      <Component_uses_entire_timer v="no" />
      <group name="Initialization">
        <Enabled_in_init__code v="yes" />
        <Events_enabled_in_init_ v="yes" />
      </group>
      <group name="CPU clock/speed selection">
        <High_speed_mode v="This component enabled" />
        <Low_speed_mode v="This component disabled" />
        <Slow_speed_mode v="This component disabled" />
      </group>
      <group name="Referenced components">
        <inhrbean type="PWM_LDD">
          <Enabled v="Y" />
          <Properties>
            <Component_name v="PwmLdd2" />
            <Period_device v="FTM0_MOD" />
            <Duty_device v="FTM0_C4V" />
            <Output_pin v="PTD4/LLWU_P14/SPI0_PCS1/UART0_RTS_b/FTM0_CH4/EWM_IN" />
            <Counter v="FTM0_CNT" />
            <boolgroup name="Interrupt service/event" v="Disabled" />
            <Period v="6.25 ms" />
            <Starting_pulse_width v="3.124952 ms" />
            <Initial_polarity v="low" />
            <group name="Initialization">
              <Enabled_in_init__code v="yes" />
              <list name="Auto Initialization" v="1">
                <Auto_initialization v="yes" />
              </list>
              <group name="Event mask">
                <OnEnd v="Disabled" />
              </group>
            </group>
            <list name="CPU clock/configuration selection (included)" v="1">
              <group name="CPU clock/configuration selection">
                <Clock_configuration_0 v="This component enabled" />
                <Clock_configuration_1 v="This component disabled" />
                <Clock_configuration_2 v="This component disabled" />
                <Clock_configuration_3 v="This component disabled" />
                <Clock_configuration_4 v="This component disabled" />
                <Clock_configuration_5 v="This component disabled" />
                <Clock_configuration_6 v="This component disabled" />
                <Clock_configuration_7 v="This component disabled" />
              </group>
            </list>
            <group name="Referenced components">
              <Linked_component v="TU1" />
            </group>
          </Properties>
          <Methods>
            <Init v="generate code" />
            <Deinit v="don&amp;apos;t generate code" />
            <Enable v="don&amp;apos;t generate code" />
            <Disable v="don&amp;apos;t generate code" />
            <SetEventMask v="don&amp;apos;t generate code" />
            <GetEventMask v="don&amp;apos;t generate code" />
            <GetEventStatus v="don&amp;apos;t generate code" />
            <SetRatio8 v="don&amp;apos;t generate code" />
            <SetRatio16 v="generate code" />
            <SetDutyUS v="generate code" />
            <SetDutyMS v="generate code" />
            <SetDutySec v="don&amp;apos;t generate code" />
            <SetDutyReal v="don&amp;apos;t generate code" />
            <SetValue v="don&amp;apos;t generate code" />
            <ClearValue v="don&amp;apos;t generate code" />
            <ConnectPin v="don&amp;apos;t generate code" />
            <SetOperationMode v="don&amp;apos;t generate code" />
            <GetDriverState v="don&amp;apos;t generate code" />
          </Methods>
          <Events>
            <Event_module_name v="Events" />
            <event name="OnEnd" v="don&amp;apos;t generate code" />
          </Events>
        </inhrbean>
      </group>
    </Properties>
    <Methods>
      <Enable v="don&amp;apos;t generate code" />
      <Disable v="don&amp;apos;t generate code" />
      <EnableEvent v="don&amp;apos;t generate code" />
      <DisableEvent v="don&amp;apos;t generate code" />
      <SetRatio8 v="don&amp;apos;t generate code" />
      <SetRatio16 v="generate code" />
      <SetDutyTicks16 v="don&amp;apos;t generate code" />
      <SetDutyTicks32 v="don&amp;apos;t generate code" />
      <SetDutyUS v="generate code" />
      <SetDutyMS v="generate code" />
      <SetDutySec v="don&amp;apos;t generate code" />
      <SetDutyReal v="don&amp;apos;t generate code" />
      <SetValue v="don&amp;apos;t generate code" />
      <ClrValue v="don&amp;apos;t generate code" />
    </Methods>
    <Events>
      <Event_module_name v="Events" />
      <event name="BeforeNewSpeed" v="don&amp;apos;t generate code" />
      <event name="AfterNewSpeed" v="don&amp;apos;t generate code" />
      <event name="OnEnd" v="don&amp;apos;t generate code" />
    </Events>
  </Bean>
  <Bean name="ConsoleInterface" type="Term">
    <Enabled v="Y" />
    <Properties>
      <Component_name v="ConsoleInterface" />
      <inhrbean type="AsynchroSerial">
        <Enabled v="Y" />
        <Template v="AsynchroForTerminal" />
        <Properties>
          <Component_name v="Inhr1" />
          <Channel v="UART0" />
          <boolgroup name="Interrupt service/event" v="Enabled">
            <Interrupt_RxD v="INT_UART0_RX_TX" />
            <Interrupt_RxD_priority v="medium priority" />
            <Interrupt_TxD v="INT_UART0_RX_TX" />
            <Interrupt_TxD_priority v="medium priority" />
            <Interrupt_Error v="INT_UART0_ERR" />
            <Interrupt_Error_priority v="medium priority" />
            <Input_buffer_size v="128" />
            <Output_buffer_size v="128" />
            <group name="Handshake">
              <boolgroup name="CTS" v="Disabled" />
              <boolgroup name="RTS" v="Disabled" />
            </group>
          </boolgroup>
          <group name="Settings">
            <Parity v="none" />
            <Width v="8 bits" />
            <Stop_bit v="1" />
            <boolgroup name="Receiver" v="Enabled">
              <RxD v="TSI0_CH9/PTB16/UART0_RX/EWM_IN" />
            </boolgroup>
            <boolgroup name="Transmitter" v="Enabled">
              <TxD v="TSI0_CH10/PTB17/UART0_TX/EWM_OUT_b" />
            </boolgroup>
            <Baud_rate v="9600 baud" />
            <Break_signal v="Disabled" />
            <Wakeup_condition v="Idle line wakeup" />
            <Transmitter_output v="Not inverted" />
            <Receiver_input v="Not inverted" />
            <Stop_in_wait_mode v="no" />
            <Idle_line_mode v="starts after start bit" />
            <Break_generation_length v="Short" />
          </group>
          <group name="Initialization">
            <Enabled_in_init__code v="yes" />
            <Events_enabled_in_init_ v="yes" />
          </group>
          <group name="CPU clock/speed selection">
            <High_speed_mode v="This component enabled" />
            <Low_speed_mode v="This component disabled" />
            <Slow_speed_mode v="This component disabled" />
          </group>
          <group name="Referenced components">
            <inhrbean type="Serial_LDD">
              <Enabled v="Y" />
              <Properties>
                <Component_name v="ASerialLdd1" />
                <Device v="UART0" />
                <boolgroup name="Interrupt service/event" v="Enabled">
                  <Interrupt_RxD v="INT_UART0_RX_TX" />
                  <Interrupt_RxD_priority v="medium priority" />
                  <Interrupt_TxD v="INT_UART0_RX_TX" />
                  <Interrupt_TxD_priority v="medium priority" />
                  <Interrupt_Error v="INT_UART0_ERR" />
                  <Interrupt_Error_priority v="medium priority" />
                </boolgroup>
                <group name="Settings">
                  <Data_width v="8 bits" />
                  <Parity v="None" />
                  <Stop_bits v="1" />
                  <Loop_mode v="Normal" />
                  <Baud_rate v="9600 baud" />
                  <Wakeup_condition v="Idle line wakeup" />
                  <Stop_in_wait_mode v="no" />
                  <Idle_line_mode v="Starts after start bit" />
                  <Transmitter_output v="Not inverted" />
                  <Receiver_input v="Not inverted" />
                  <Break_generation_length v="10/11 bits" />
                  <boolgroup name="Receiver" v="Enabled">
                    <RxD v="TSI0_CH9/PTB16/UART0_RX/EWM_IN" />
                  </boolgroup>
                  <boolgroup name="Transmitter" v="Enabled">
                    <TxD v="TSI0_CH10/PTB17/UART0_TX/EWM_OUT_b" />
                  </boolgroup>
                  <enumgroup name="Flow control" v="None">
                    <EmptySection_DummyValue />
                  </enumgroup>
                </group>
                <group name="Initialization">
                  <Enabled_in_init__code v="yes" />
                  <list name="Auto Initialization" v="1">
                    <Auto_initialization v="no" />
                  </list>
                  <group name="Event mask">
                    <OnBlockSent v="Enabled" />
                    <OnBlockReceived v="Enabled" />
                    <OnTxComplete v="Disabled" />
                    <OnError v="Enabled" />
                    <OnBreak v="Enabled" />
                  </group>
                </group>
                <list name="CPU clock/configuration selection (included)" v="1">
                  <group name="CPU clock/configuration selection">
                    <Clock_configuration_0 v="This component enabled" />
                    <Clock_configuration_1 v="This component disabled" />
                    <Clock_configuration_2 v="This component disabled" />
                    <Clock_configuration_3 v="This component disabled" />
                    <Clock_configuration_4 v="This component disabled" />
                    <Clock_configuration_5 v="This component disabled" />
                    <Clock_configuration_6 v="This component disabled" />
                    <Clock_configuration_7 v="This component disabled" />
                  </group>
                </list>
              </Properties>
              <Methods>
                <Init v="generate code" />
                <Deinit v="don&amp;apos;t generate code" />
                <Enable v="don&amp;apos;t generate code" />
                <Disable v="don&amp;apos;t generate code" />
                <SendBlock v="generate code" />
                <ReceiveBlock v="generate code" />
                <CancelBlockTransmission v="don&amp;apos;t generate code" />
                <CancelBlockReception v="don&amp;apos;t generate code" />
                <GetError v="generate code" />
                <GetSentDataNum v="don&amp;apos;t generate code" />
                <GetReceivedDataNum v="don&amp;apos;t generate code" />
                <GetTxCompleteStatus v="don&amp;apos;t generate code" />
                <SetEventMask v="don&amp;apos;t generate code" />
                <GetEventMask v="don&amp;apos;t generate code" />
                <SelectBaudRate v="don&amp;apos;t generate code" />
                <GetSelectedBaudRate v="don&amp;apos;t generate code" />
                <SetParity v="don&amp;apos;t generate code" />
                <GetParity v="don&amp;apos;t generate code" />
                <SetDataWidth v="don&amp;apos;t generate code" />
                <GetDataWidth v="don&amp;apos;t generate code" />
                <SetStopBitLength v="don&amp;apos;t generate code" />
                <GetStopBitLength v="don&amp;apos;t generate code" />
                <SetLoopMode v="don&amp;apos;t generate code" />
                <GetLoopMode v="don&amp;apos;t generate code" />
                <GetStats v="don&amp;apos;t generate code" />
                <ClearStats v="don&amp;apos;t generate code" />
                <SendBreak v="don&amp;apos;t generate code" />
                <GetBreak v="don&amp;apos;t generate code" />
                <TurnTxOn v="don&amp;apos;t generate code" />
                <TurnTxOff v="don&amp;apos;t generate code" />
                <TurnRxOn v="don&amp;apos;t generate code" />
                <TurnRxOff v="don&amp;apos;t generate code" />
                <ConnectPin v="don&amp;apos;t generate code" />
                <Main v="don&amp;apos;t generate code" />
                <SetOperationMode v="don&amp;apos;t generate code" />
                <GetDriverState v="don&amp;apos;t generate code" />
              </Methods>
              <Events>
                <Event_module_name v="Events" />
                <event name="OnBlockReceived" v="generate code">
                  <Event_procedure_name v="ASerialLdd1_OnBlockReceived" />
                </event>
                <event name="OnBlockSent" v="generate code">
                  <Event_procedure_name v="ASerialLdd1_OnBlockSent" />
                </event>
                <event name="OnBreak" v="generate code">
                  <Event_procedure_name v="ASerialLdd1_OnBreak" />
                </event>
                <event name="OnError" v="generate code">
                  <Event_procedure_name v="ASerialLdd1_OnError" />
                </event>
                <event name="OnTxComplete" v="don&amp;apos;t generate code" />
              </Events>
            </inhrbean>
          </group>
        </Properties>
        <Methods>
          <Enable v="don&amp;apos;t generate code" />
          <Disable v="don&amp;apos;t generate code" />
          <EnableEvent v="don&amp;apos;t generate code" />
          <DisableEvent v="don&amp;apos;t generate code" />
          <RecvChar v="generate code" />
          <SendChar v="generate code" />
          <RecvBlock v="don&amp;apos;t generate code" />
          <SendBlock v="don&amp;apos;t generate code" />
          <ClearRxBuf v="don&amp;apos;t generate code" />
          <ClearTxBuf v="don&amp;apos;t generate code" />
          <CharsInRxBuf v="don&amp;apos;t generate code" />
          <GetCharsInRxBuf v="generate code" />
          <CharsInTxBuf v="don&amp;apos;t generate code" />
          <GetCharsInTxBuf v="don&amp;apos;t generate code" />
          <SetBaudRateMode v="don&amp;apos;t generate code" />
          <GetError v="don&amp;apos;t generate code" />
          <GetBreak v="don&amp;apos;t generate code" />
          <SetBreak v="don&amp;apos;t generate code" />
          <TurnTxOn v="don&amp;apos;t generate code" />
          <TurnTxOff v="don&amp;apos;t generate code" />
          <TurnRxOn v="don&amp;apos;t generate code" />
          <TurnRxOff v="don&amp;apos;t generate code" />
          <LoopMode v="don&amp;apos;t generate code" />
          <ConnectPin v="don&amp;apos;t generate code" />
        </Methods>
        <Events>
          <Event_module_name v="Events" />
          <event name="BeforeNewSpeed" v="don&amp;apos;t generate code" />
          <event name="AfterNewSpeed" v="don&amp;apos;t generate code" />
          <event name="OnError" v="don&amp;apos;t generate code" />
          <event name="OnRxChar" v="generate code">
            <Event_procedure_name v="Inhr1_OnRxChar" />
            <Priority v="interrupts disabled" />
          </event>
          <event name="OnRxCharExt" v="don&amp;apos;t generate code" />
          <event name="OnTxChar" v="don&amp;apos;t generate code" />
          <event name="OnFullRxBuf" v="don&amp;apos;t generate code" />
          <event name="OnFreeTxBuf" v="don&amp;apos;t generate code" />
          <event name="OnBreak" v="don&amp;apos;t generate code" />
          <event name="OnTxComplete" v="don&amp;apos;t generate code" />
        </Events>
      </inhrbean>
      <group name="CPU clock/speed selection">
        <High_speed_mode v="This component enabled" />
        <Low_speed_mode v="This component disabled" />
        <Slow_speed_mode v="This component disabled" />
      </group>
    </Properties>
    <Methods>
      <CRLF v="generate code" />
      <SendStr v="generate code" />
      <SendNum v="generate code" />
      <SendFloatNum v="don&amp;apos;t generate code" />
      <SendChar v="generate code" />
      <Cls v="generate code" />
      <CursorUp v="don&amp;apos;t generate code" />
      <CursorDown v="don&amp;apos;t generate code" />
      <CursorLeft v="don&amp;apos;t generate code" />
      <CursorRight v="don&amp;apos;t generate code" />
      <MoveTo v="generate code" />
      <SetColor v="don&amp;apos;t generate code" />
      <EraseLine v="generate code" />
      <ReadChar v="generate code" />
      <KeyPressed v="generate code" />
      <ReadLine v="don&amp;apos;t generate code" />
    </Methods>
    <Events>
      <EmptySection_DummyValue />
    </Events>
  </Bean>
  <Bean name="zRedPWM" type="PWM">
    <Enabled v="Y" />
    <Properties>
      <Component_name v="zRedPWM" />
      <PWM_or_PPG_device v="FTM0_C2V" />
      <Duty_compare v="" />
      <Output_pin v="CMP1_IN1/PTC3/LLWU_P7/SPI0_PCS1/UART1_RX/FTM0_CH2/CLKOUTa/I2S0_TX_BCLK" />
      <Counter v="FTM0_CNT" />
      <boolgroup name="Interrupt service/event" v="Disabled" />
      <Period v="6.25 ms" />
      <Starting_pulse_width v="3.124952 ms" />
      <Initial_polarity v="low" />
      <Same_period_in_modes v="no" />
      <Component_uses_entire_timer v="no" />
      <group name="Initialization">
        <Enabled_in_init__code v="yes" />
        <Events_enabled_in_init_ v="yes" />
      </group>
      <group name="CPU clock/speed selection">
        <High_speed_mode v="This component enabled" />
        <Low_speed_mode v="This component disabled" />
        <Slow_speed_mode v="This component disabled" />
      </group>
      <group name="Referenced components">
        <inhrbean type="PWM_LDD">
          <Enabled v="Y" />
          <Properties>
            <Component_name v="PwmLdd3" />
            <Period_device v="FTM0_MOD" />
            <Duty_device v="FTM0_C2V" />
            <Output_pin v="CMP1_IN1/PTC3/LLWU_P7/SPI0_PCS1/UART1_RX/FTM0_CH2/CLKOUTa/I2S0_TX_BCLK" />
            <Counter v="FTM0_CNT" />
            <boolgroup name="Interrupt service/event" v="Disabled" />
            <Period v="6.25 ms" />
            <Starting_pulse_width v="3.124952 ms" />
            <Initial_polarity v="low" />
            <group name="Initialization">
              <Enabled_in_init__code v="yes" />
              <list name="Auto Initialization" v="1">
                <Auto_initialization v="yes" />
              </list>
              <group name="Event mask">
                <OnEnd v="Disabled" />
              </group>
            </group>
            <list name="CPU clock/configuration selection (included)" v="1">
              <group name="CPU clock/configuration selection">
                <Clock_configuration_0 v="This component enabled" />
                <Clock_configuration_1 v="This component disabled" />
                <Clock_configuration_2 v="This component disabled" />
                <Clock_configuration_3 v="This component disabled" />
                <Clock_configuration_4 v="This component disabled" />
                <Clock_configuration_5 v="This component disabled" />
                <Clock_configuration_6 v="This component disabled" />
                <Clock_configuration_7 v="This component disabled" />
              </group>
            </list>
            <group name="Referenced components">
              <Linked_component v="TU1" />
            </group>
          </Properties>
          <Methods>
            <Init v="generate code" />
            <Deinit v="don&amp;apos;t generate code" />
            <Enable v="don&amp;apos;t generate code" />
            <Disable v="don&amp;apos;t generate code" />
            <SetEventMask v="don&amp;apos;t generate code" />
            <GetEventMask v="don&amp;apos;t generate code" />
            <GetEventStatus v="don&amp;apos;t generate code" />
            <SetRatio8 v="don&amp;apos;t generate code" />
            <SetRatio16 v="generate code" />
            <SetDutyUS v="generate code" />
            <SetDutyMS v="generate code" />
            <SetDutySec v="don&amp;apos;t generate code" />
            <SetDutyReal v="don&amp;apos;t generate code" />
            <SetValue v="don&amp;apos;t generate code" />
            <ClearValue v="don&amp;apos;t generate code" />
            <ConnectPin v="don&amp;apos;t generate code" />
            <SetOperationMode v="don&amp;apos;t generate code" />
            <GetDriverState v="don&amp;apos;t generate code" />
          </Methods>
          <Events>
            <Event_module_name v="Events" />
            <event name="OnEnd" v="don&amp;apos;t generate code" />
          </Events>
        </inhrbean>
      </group>
    </Properties>
    <Methods>
      <Enable v="don&amp;apos;t generate code" />
      <Disable v="don&amp;apos;t generate code" />
      <EnableEvent v="don&amp;apos;t generate code" />
      <DisableEvent v="don&amp;apos;t generate code" />
      <SetRatio8 v="don&amp;apos;t generate code" />
      <SetRatio16 v="generate code" />
      <SetDutyTicks16 v="don&amp;apos;t generate code" />
      <SetDutyTicks32 v="don&amp;apos;t generate code" />
      <SetDutyUS v="generate code" />
      <SetDutyMS v="generate code" />
      <SetDutySec v="don&amp;apos;t generate code" />
      <SetDutyReal v="don&amp;apos;t generate code" />
      <SetValue v="don&amp;apos;t generate code" />
      <ClrValue v="don&amp;apos;t generate code" />
    </Methods>
    <Events>
      <Event_module_name v="Events" />
      <event name="BeforeNewSpeed" v="don&amp;apos;t generate code" />
      <event name="AfterNewSpeed" v="don&amp;apos;t generate code" />
      <event name="OnEnd" v="don&amp;apos;t generate code" />
    </Events>
  </Bean>
  <Bean name="TU1" type="TimerUnit_LDD">
    <Enabled v="Y" />
    <Properties>
      <Component_name v="TU1" />
      <Module_name v="FTM0" />
      <Counter v="FTM0_CNT" />
      <Counter_direction v="Up" />
      <Counter_width v="16 bits" />
      <Value_type v="uint16_t" />
      <enumgroup name="Input clock source" v="Internal">
        <Counter_frequency v="Auto select" />
      </enumgroup>
      <enumgroup name="Counter restart" v="On-match">
        <Period_device v="FTM0_MOD" />
        <Period v="6.25 ms" />
        <boolgroup name="Interrupt" v="Disabled" />
      </enumgroup>
      <list name="Channel list" v="3">
        <group name="Channel 0">
          <enumgroup name="Mode" v="Compare">
            <Compare v="FTM0_C7V" />
            <Offset v="3.124952 ms" />
            <enumgroup name="Output on compare" v="Set">
              <Output_on_overrun v="Clear" />
              <Initial_state v="Low" />
              <Output_pin v="TSI0_CH3/PTA2/UART0_TX/FTM0_CH7/JTAG_TDO/TRACE_SWO/EZP_DO" />
            </enumgroup>
            <boolgroup name="Interrupt" v="Disabled" />
          </enumgroup>
        </group>
        <group name="Channel 1">
          <enumgroup name="Mode" v="Compare">
            <Compare v="FTM0_C4V" />
            <Offset v="3.124952 ms" />
            <enumgroup name="Output on compare" v="Set">
              <Output_on_overrun v="Clear" />
              <Initial_state v="Low" />
              <Output_pin v="PTD4/LLWU_P14/SPI0_PCS1/UART0_RTS_b/FTM0_CH4/EWM_IN" />
            </enumgroup>
            <boolgroup name="Interrupt" v="Disabled" />
          </enumgroup>
        </group>
        <group name="Channel 2">
          <enumgroup name="Mode" v="Compare">
            <Compare v="FTM0_C2V" />
            <Offset v="3.124952 ms" />
            <enumgroup name="Output on compare" v="Set">
              <Output_on_overrun v="Clear" />
              <Initial_state v="Low" />
              <Output_pin v="CMP1_IN1/PTC3/LLWU_P7/SPI0_PCS1/UART1_RX/FTM0_CH2/CLKOUTa/I2S0_TX_BCLK" />
            </enumgroup>
            <boolgroup name="Interrupt" v="Disabled" />
          </enumgroup>
        </group>
      </list>
      <group name="Initialization">
        <Enabled_in_init__code v="yes" />
        <list name="Auto Initialization" v="1">
          <Auto_initialization v="no" />
        </list>
        <group name="Event mask">
          <OnCounterRestart v="Disabled" />
          <OnChannel0 v="Disabled" />
          <OnChannel1 v="Disabled" />
          <OnChannel2 v="Disabled" />
          <OnChannel3 v="Disabled" />
          <OnChannel4 v="Disabled" />
          <OnChannel5 v="Disabled" />
          <OnChannel6 v="Disabled" />
          <OnChannel7 v="Disabled" />
        </group>
      </group>
      <list name="CPU clock/configuration selection (included)" v="1">
        <group name="CPU clock/configuration selection">
          <Clock_configuration_0 v="This component enabled" />
          <Clock_configuration_1 v="This component disabled" />
          <Clock_configuration_2 v="This component disabled" />
          <Clock_configuration_3 v="This component disabled" />
          <Clock_configuration_4 v="This component disabled" />
          <Clock_configuration_5 v="This component disabled" />
          <Clock_configuration_6 v="This component disabled" />
          <Clock_configuration_7 v="This component disabled" />
        </group>
      </list>
    </Properties>
    <Methods>
      <Init v="generate code" />
      <Deinit v="don&amp;apos;t generate code" />
      <Enable v="don&amp;apos;t generate code" />
      <Disable v="don&amp;apos;t generate code" />
      <SetEventMask v="don&amp;apos;t generate code" />
      <GetEventMask v="don&amp;apos;t generate code" />
      <GetEventStatus v="don&amp;apos;t generate code" />
      <SelectInputFrequency v="don&amp;apos;t generate code" />
      <GetInputFrequencyReal v="don&amp;apos;t generate code" />
      <GetInputFrequency v="don&amp;apos;t generate code" />
      <SetPeriodTicks v="don&amp;apos;t generate code" />
      <GetPeriodTicks v="generate code" />
      <ResetCounter v="don&amp;apos;t generate code" />
      <GetCounterValue v="generate code" />
      <SetOffsetTicks v="generate code" />
      <GetOffsetTicks v="generate code" />
      <GetCaptureValue v="don&amp;apos;t generate code" />
      <SelectOutputAction v="generate code" />
      <SelectCaptureEdge v="don&amp;apos;t generate code" />
      <ConnectPin v="don&amp;apos;t generate code" />
      <SetOperationMode v="don&amp;apos;t generate code" />
      <GetDriverState v="don&amp;apos;t generate code" />
    </Methods>
    <Events>
      <Event_module_name v="Events" />
      <event name="OnCounterRestart" v="don&amp;apos;t generate code" />
      <event name="OnChannel0" v="don&amp;apos;t generate code" />
      <event name="OnChannel1" v="don&amp;apos;t generate code" />
      <event name="OnChannel2" v="don&amp;apos;t generate code" />
      <event name="OnChannel3" v="don&amp;apos;t generate code" />
      <event name="OnChannel4" v="don&amp;apos;t generate code" />
      <event name="OnChannel5" v="don&amp;apos;t generate code" />
      <event name="OnChannel6" v="don&amp;apos;t generate code" />
      <event name="OnChannel7" v="don&amp;apos;t generate code" />
    </Events>
  </Bean>
  <Bean name="I2C1" type="InternalI2C">
    <Enabled v="Y" />
    <Properties>
      <Component_name v="I2C1" />
      <inhrbean type="I2C_LDD">
        <Enabled v="Y" />
        <Properties>
          <Component_name v="IntI2cLdd1" />
          <I2C_channel v="I2C0" />
          <boolgroup name="Interrupt service" v="Enabled">
            <Interrupt v="INT_I2C0" />
            <Interrupt_priority v="medium priority" />
          </boolgroup>
          <group name="Settings">
            <Mode_selection v="MASTER" />
            <boolgroup name="MASTER mode" v="Enabled">
              <group name="Initialization">
                <Address_mode v="7-bit addressing" />
                <Target_slave_address_init v="8" />
              </group>
            </boolgroup>
            <boolgroup name="SLAVE mode" v="Disabled" />
            <group name="Pins">
              <group name="SDA pin">
                <SDA_pin v="ADC0_SE9/TSI0_CH6/PTB1/I2C0_SDA/FTM1_CH1/FTM1_QD_PHB" />
              </group>
              <group name="SCL pin">
                <SCL_pin v="ADC0_SE8/TSI0_CH0/PTB0/LLWU_P5/I2C0_SCL/FTM1_CH0/FTM1_QD_PHA" />
              </group>
              <High_drive_select v="Disabled" />
              <Input_Glitch_filter v="0" />
            </group>
            <Internal_frequency__multiplier_factor_ v="5.24288 MHz" />
            <Bits_0_2_of_Frequency_divider_register v="010" />
            <Bits_3_5_of_Frequency_divider_register v="011" />
            <SCL_frequency v="46.811 kHz" />
            <SDA_Hold v="3.242 us" />
            <SCL_start_Hold v="10.3 us" />
            <SCL_stop_Hold v="10.872 us" />
            <boolgroup name="Control acknowledge bit" v="Disabled" />
            <boolgroup name="Low timeout" v="Disabled" />
          </group>
          <group name="Initialization">
            <Enabled_in_init_code v="yes" />
            <list name="Auto Initialization" v="1">
              <Auto_initialization v="no" />
            </list>
            <group name="Event mask">
              <OnMasterBlockSent v="Enabled" />
              <OnMasterBlockReceived v="Enabled" />
              <OnMasterByteReceived v="Disabled" />
              <OnSlaveBlockSent v="Disabled" />
              <OnSlaveBlockReceived v="Disabled" />
              <OnSlaveByteReceived v="Disabled" />
              <OnSlaveRxRequest v="Disabled" />
              <OnSlaveTxRequest v="Disabled" />
              <OnSlaveGeneralCallAddr v="Disabled" />
              <OnSlaveSmBusCallAddr v="Disabled" />
              <OnSlaveSmBusAlertResponse v="Disabled" />
              <OnError v="Disabled" />
            </group>
          </group>
          <list name="CPU clock/configuration selection (included)" v="1">
            <group name="CPU clock/configuration selection">
              <Clock_configuration_0 v="This component enabled" />
              <Clock_configuration_1 v="This component disabled" />
              <Clock_configuration_2 v="This component disabled" />
              <Clock_configuration_3 v="This component disabled" />
              <Clock_configuration_4 v="This component disabled" />
              <Clock_configuration_5 v="This component disabled" />
              <Clock_configuration_6 v="This component disabled" />
              <Clock_configuration_7 v="This component disabled" />
            </group>
          </list>
        </Properties>
        <Methods>
          <Init v="generate code" />
          <Deinit v="don&amp;apos;t generate code" />
          <Enable v="don&amp;apos;t generate code" />
          <Disable v="don&amp;apos;t generate code" />
          <SetEventMask v="don&amp;apos;t generate code" />
          <GetEventMask v="don&amp;apos;t generate code" />
          <MasterSendBlock v="generate code" />
          <MasterGetBlockSentStatus v="don&amp;apos;t generate code" />
          <MasterGetSentDataNum v="generate code" />
          <MasterReceiveBlock v="generate code" />
          <MasterGetBlockReceivedStatus v="don&amp;apos;t generate code" />
          <MasterGetReceivedDataNum v="generate code" />
          <MasterUpdateReceiveBlockSize v="don&amp;apos;t generate code" />
          <SlaveSendBlock v="don&amp;apos;t generate code" />
          <SlaveGetBlockSentStatus v="don&amp;apos;t generate code" />
          <SlaveGetSentDataNum v="don&amp;apos;t generate code" />
          <SlaveCancelTransmissionBlock v="don&amp;apos;t generate code" />
          <SlaveReceiveBlock v="don&amp;apos;t generate code" />
          <SlaveGetBlockReceivedStatus v="don&amp;apos;t generate code" />
          <SlaveGetReceivedDataNum v="don&amp;apos;t generate code" />
          <SlaveUpdateReceiveBlockSize v="don&amp;apos;t generate code" />
          <SlaveCancelReceptionBlock v="don&amp;apos;t generate code" />
          <SelectSlaveDevice v="generate code" />
          <SendAcknowledge v="don&amp;apos;t generate code" />
          <GetError v="don&amp;apos;t generate code" />
          <CheckBus v="don&amp;apos;t generate code" />
          <GetStats v="don&amp;apos;t generate code" />
          <ClearStats v="don&amp;apos;t generate code" />
          <Main v="don&amp;apos;t generate code" />
          <ConnectPin v="don&amp;apos;t generate code" />
          <SetOperationMode v="don&amp;apos;t generate code" />
          <GetDriverState v="don&amp;apos;t generate code" />
        </Methods>
        <Events>
          <Event_module_name v="Events" />
          <event name="OnMasterBlockSent" v="generate code">
            <Event_procedure_name v="IntI2cLdd1_OnMasterBlockSent" />
          </event>
          <event name="OnMasterBlockReceived" v="generate code">
            <Event_procedure_name v="IntI2cLdd1_OnMasterBlockReceived" />
          </event>
          <event name="OnMasterByteReceived" v="don&amp;apos;t generate code" />
          <event name="OnSlaveBlockSent" v="don&amp;apos;t generate code" />
          <event name="OnSlaveBlockReceived" v="don&amp;apos;t generate code" />
          <event name="OnSlaveByteReceived" v="don&amp;apos;t generate code" />
          <event name="OnSlaveRxRequest" v="don&amp;apos;t generate code" />
          <event name="OnSlaveTxRequest" v="don&amp;apos;t generate code" />
          <event name="OnSlaveGeneralCallAddr" v="don&amp;apos;t generate code" />
          <event name="OnSlaveSmBusCallAddr" v="don&amp;apos;t generate code" />
          <event name="OnSlaveSmBusAlertResponse" v="don&amp;apos;t generate code" />
          <event name="OnError" v="don&amp;apos;t generate code" />
        </Events>
      </inhrbean>
      <I2C_channel v="I2C0" />
      <Mode_selection v="MASTER" />
      <boolgroup name="Interrupt service/event" v="Enabled">
        <Interrupt v="INT_I2C0" />
        <Interrupt_priority v="medium priority" />
        <boolgroup name="Buffers for SLAVE mode" v="Disabled" />
      </boolgroup>
      <boolgroup name="MASTER mode" v="Enabled">
        <Polling_trials v="2000" />
        <Automatic_stop_condition v="yes" />
        <group name="Initialization">
          <Address_mode v="7-bit addressing" />
          <Target_slave_address_init v="8" />
        </group>
      </boolgroup>
      <boolgroup name="SLAVE mode" v="Disabled" />
      <group name="Data and Clock">
        <SDA_pin v="ADC0_SE9/TSI0_CH6/PTB1/I2C0_SDA/FTM1_CH1/FTM1_QD_PHB" />
        <SCL_pin v="ADC0_SE8/TSI0_CH0/PTB0/LLWU_P5/I2C0_SCL/FTM1_CH0/FTM1_QD_PHA" />
        <High_drive_select v="Disabled" />
      </group>
      <Internal_frequency__multiplier_factor_ v="5.24288 MHz" />
      <Bits_0_2_of_Frequency_divider_register v="010" />
      <Bits_3_5_of_Frequency_divider_register v="011" />
      <SCL_frequency v="46.811 kHz" />
      <SDA_Hold v="3.242 us" />
      <Noise__glitch__filter v="0" />
      <boolgroup name="Low timeout" v="Disabled" />
      <Wake_up v="Disabled" />
      <group name="Initialization">
        <Enabled_in_init_code v="yes" />
        <Events_enabled_in_init_ v="yes" />
      </group>
      <group name="CPU clock/speed selection">
        <High_speed_mode v="Enabled" />
        <Low_speed_mode v="Disabled" />
        <Slow_speed_mode v="Disabled" />
      </group>
    </Properties>
    <Methods>
      <Enable v="don&amp;apos;t generate code" />
      <Disable v="don&amp;apos;t generate code" />
      <EnableEvent v="don&amp;apos;t generate code" />
      <DisableEvent v="don&amp;apos;t generate code" />
      <SendChar v="generate code" />
      <RecvChar v="generate code" />
      <SendBlock v="generate code" />
      <RecvBlock v="generate code" />
      <SendStop v="don&amp;apos;t generate code" />
      <ClearTxBuf v="don&amp;apos;t generate code" />
      <ClearRxBuf v="don&amp;apos;t generate code" />
      <GetCharsInTxBuf v="generate code" />
      <GetCharsInRxBuf v="generate code" />
      <SelectSlave v="generate code" />
      <GetSelected v="don&amp;apos;t generate code" />
      <GetSelected10 v="don&amp;apos;t generate code" />
      <SetMode v="don&amp;apos;t generate code" />
      <GetMode v="don&amp;apos;t generate code" />
      <SelectSlave10 v="don&amp;apos;t generate code" />
      <SelectSpecialCommand v="don&amp;apos;t generate code" />
      <CheckBus v="don&amp;apos;t generate code" />
      <ConnectPin v="don&amp;apos;t generate code" />
    </Methods>
    <Events>
      <Event_module_name v="Events" />
      <event name="BeforeNewSpeed" v="don&amp;apos;t generate code" />
      <event name="AfterNewSpeed" v="don&amp;apos;t generate code" />
      <event name="OnReceiveData" v="generate code">
        <Event_procedure_name v="I2C1_OnReceiveData" />
        <Priority v="same as interrupt" />
      </event>
      <event name="OnTransmitData" v="generate code">
        <Event_procedure_name v="I2C1_OnTransmitData" />
        <Priority v="same as interrupt" />
      </event>
      <event name="OnByteTransfer" v="don&amp;apos;t generate code" />
      <event name="OnReadReq" v="don&amp;apos;t generate code" />
      <event name="OnWriteReq" v="don&amp;apos;t generate code" />
      <event name="OnRxChar" v="don&amp;apos;t generate code" />
      <event name="OnTxChar" v="don&amp;apos;t generate code" />
      <event name="OnFreeTxBuf" v="don&amp;apos;t generate code" />
      <event name="OnFullRxBuf" v="don&amp;apos;t generate code" />
      <event name="OnArbitLost" v="don&amp;apos;t generate code" />
      <event name="OnNACK" v="don&amp;apos;t generate code" />
      <event name="OnError" v="don&amp;apos;t generate code" />
      <event name="OnTxEmptyChar" v="don&amp;apos;t generate code" />
      <event name="OnGeneralCall" v="don&amp;apos;t generate code" />
      <event name="OnSCLlowTimeout" v="don&amp;apos;t generate code" />
      <event name="OnSDAlowTimeout" v="don&amp;apos;t generate code" />
      <event name="OnSecondAddr" v="don&amp;apos;t generate code" />
      <event name="OnAlertResponse" v="don&amp;apos;t generate code" />
    </Events>
  </Bean>
</PE_PROJECT_SETTINGS_DOCUMENTATION>

